date,geography,geography code,Rural Urban,Ethnic Group: All categories: Ethnic group; measures: Value,Ethnic Group: White: English/Welsh/Scottish/Northern Irish/British; measures: Value,Ethnic Group: White: Irish; measures: Value,Ethnic Group: White: Gypsy or Irish Traveller; measures: Value,Ethnic Group: White: Afghan; measures: Value,Ethnic Group: White: Albanian; measures: Value,Ethnic Group: White: Anglo Indian; measures: Value,Ethnic Group: White: Argentinian; measures: Value,Ethnic Group: White: Australian/New Zealander; measures: Value,Ethnic Group: White: Baltic States; measures: Value,Ethnic Group: White: Bosnian; measures: Value,Ethnic Group: White: Brazilian; measures: Value,Ethnic Group: White: British Asian; measures: Value,Ethnic Group: White: Burmese; measures: Value,Ethnic Group: White: Chilean; measures: Value,Ethnic Group: White: Colombian; measures: Value,Ethnic Group: White: Commonwealth of (Russian) Independent States; measures: Value,Ethnic Group: White: Croatian; measures: Value,Ethnic Group: White: Cuban; measures: Value,Ethnic Group: White: Cypriot (part not stated); measures: Value,Ethnic Group: White: Ecuadorian; measures: Value,Ethnic Group: White: European Mixed; measures: Value,Ethnic Group: White: Filipino; measures: Value,Ethnic Group: White: Greek; measures: Value,Ethnic Group: White: Greek Cypriot; measures: Value,Ethnic Group: White: Iranian; measures: Value,Ethnic Group: White: Israeli; measures: Value,Ethnic Group: White: Italian; measures: Value,Ethnic Group: White: Japanese; measures: Value,Ethnic Group: White: Kashmiri; measures: Value,Ethnic Group: White: Kosovan; measures: Value,Ethnic Group: White: Kurdish; measures: Value,Ethnic Group: White: Latin/South/Central American; measures: Value,Ethnic Group: White: Malaysian; measures: Value,Ethnic Group: White: Mexican; measures: Value,Ethnic Group: White: Moroccan; measures: Value,Ethnic Group: White: Multi-ethnic islands; measures: Value,Ethnic Group: White: Nepalese (includes Gurkha); measures: Value,Ethnic Group: White: Nigerian; measures: Value,Ethnic Group: White: North African; measures: Value,Ethnic Group: White: North American; measures: Value,Ethnic Group: White: Other Eastern European; measures: Value,Ethnic Group: White: Other Middle East; measures: Value,Ethnic Group: White: Other Western European; measures: Value,Ethnic Group: White: Peruvian; measures: Value,Ethnic Group: White: Polish; measures: Value,Ethnic Group: White: Polynesia/Micronesia/Melanesia; measures: Value,Ethnic Group: White: Serbian; measures: Value,Ethnic Group: White: Somali; measures: Value,Ethnic Group: White: Somalilander; measures: Value,Ethnic Group: White: Sri Lankan; measures: Value,Ethnic Group: White: Tamil; measures: Value,Ethnic Group: White: Thai; measures: Value,Ethnic Group: White: Turkish; measures: Value,Ethnic Group: White: Turkish Cypriot; measures: Value,Ethnic Group: White: Venezuelan; measures: Value,Ethnic Group: White: Vietnamese; measures: Value,Ethnic Group: White: White African; measures: Value,Ethnic Group: White: White Caribbean; measures: Value,Ethnic Group: White: Any other ethnic group; measures: Value,Ethnic Group: Mixed/multiple ethnic group: White and Black Caribbean; measures: Value,Ethnic Group: Mixed/multiple ethnic group: White and Black African; measures: Value,Ethnic Group: Mixed/multiple ethnic group: White and Asian; measures: Value,Ethnic Group: Mixed/multiple ethnic group: Afghan; measures: Value,Ethnic Group: Mixed/multiple ethnic group: African/Arab; measures: Value,Ethnic Group: Mixed/multiple ethnic group: Albanian; measures: Value,Ethnic Group: Mixed/multiple ethnic group: Anglo Indian; measures: Value,Ethnic Group: Mixed/multiple ethnic group: Australian/New Zealander; measures: Value,Ethnic Group: Mixed/multiple ethnic group: Baltic States; measures: Value,Ethnic Group: Mixed/multiple ethnic group: Black and Asian; measures: Value,Ethnic Group: Mixed/multiple ethnic group: Black and Chinese; measures: Value,Ethnic Group: Mixed/multiple ethnic group: Black and White; measures: Value,Ethnic Group: Mixed/multiple ethnic group: Black British; measures: Value,Ethnic Group: Mixed/multiple ethnic group: Black European; measures: Value,Ethnic Group: Mixed/multiple ethnic group: Black/African American; measures: Value,Ethnic Group: Mixed/multiple ethnic group: Brazilian; measures: Value,Ethnic Group: Mixed/multiple ethnic group: British Asian; measures: Value,Ethnic Group: Mixed/multiple ethnic group: Burmese; measures: Value,Ethnic Group: Mixed/multiple ethnic group: Caribbean Asian; measures: Value,Ethnic Group: Mixed/multiple ethnic group: Chilean; measures: Value,Ethnic Group: Mixed/multiple ethnic group: Chinese and White; measures: Value,Ethnic Group: Mixed/multiple ethnic group: Colombian; measures: Value,Ethnic Group: Mixed/multiple ethnic group: Commonwealth of (Russian) Independent States; measures: Value,Ethnic Group: Mixed/multiple ethnic group: Cuban; measures: Value,Ethnic Group: Mixed/multiple ethnic group: Cypriot (part not stated); measures: Value,Ethnic Group: Mixed/multiple ethnic group: East African Asian; measures: Value,Ethnic Group: Mixed/multiple ethnic group: Ecuadorian; measures: Value,Ethnic Group: Mixed/multiple ethnic group: European Mixed; measures: Value,Ethnic Group: Mixed/multiple ethnic group: Filipino; measures: Value,Ethnic Group: Mixed/multiple ethnic group: Greek; measures: Value,Ethnic Group: Mixed/multiple ethnic group: Greek Cypriot; measures: Value,Ethnic Group: Mixed/multiple ethnic group: Indonesian; measures: Value,Ethnic Group: Mixed/multiple ethnic group: Iranian; measures: Value,Ethnic Group: Mixed/multiple ethnic group: Israeli; measures: Value,Ethnic Group: Mixed/multiple ethnic group: Italian; measures: Value,Ethnic Group: Mixed/multiple ethnic group: Japanese; measures: Value,Ethnic Group: Mixed/multiple ethnic group: Kashmiri; measures: Value,Ethnic Group: Mixed/multiple ethnic group: Korean; measures: Value,Ethnic Group: Mixed/multiple ethnic group: Kosovan; measures: Value,Ethnic Group: Mixed/multiple ethnic group: Kurdish; measures: Value,Ethnic Group: Mixed/multiple ethnic group: Latin/South/Central American; measures: Value,Ethnic Group: Mixed/multiple ethnic group: Malaysian; measures: Value,Ethnic Group: Mixed/multiple ethnic group: Mexican; measures: Value,Ethnic Group: Mixed/multiple ethnic group: Moroccan; measures: Value,Ethnic Group: Mixed/multiple ethnic group: Multi-ethnic islands; measures: Value,Ethnic Group: Mixed/multiple ethnic group: Nepalese (includes Gurkha); measures: Value,Ethnic Group: Mixed/multiple ethnic group: Nigerian; measures: Value,Ethnic Group: Mixed/multiple ethnic group: North African; measures: Value,Ethnic Group: Mixed/multiple ethnic group: North American; measures: Value,Ethnic Group: Mixed/multiple ethnic group: Other Eastern European; measures: Value,Ethnic Group: Mixed/multiple ethnic group: Other Middle East; measures: Value,Ethnic Group: Mixed/multiple ethnic group: Other Western European; measures: Value,Ethnic Group: Mixed/multiple ethnic group: Peruvian; measures: Value,Ethnic Group: Mixed/multiple ethnic group: Polish; measures: Value,Ethnic Group: Mixed/multiple ethnic group: Polynesia/Micronesia/Melanesia; measures: Value,Ethnic Group: Mixed/multiple ethnic group: Somali; measures: Value,Ethnic Group: Mixed/multiple ethnic group: South Asian and Chinese; measures: Value,Ethnic Group: Mixed/multiple ethnic group: Sri Lankan; measures: Value,Ethnic Group: Mixed/multiple ethnic group: Tamil; measures: Value,Ethnic Group: Mixed/multiple ethnic group: Thai; measures: Value,Ethnic Group: Mixed/multiple ethnic group: Turkish; measures: Value,Ethnic Group: Mixed/multiple ethnic group: Turkish Cypriot; measures: Value,Ethnic Group: Mixed/multiple ethnic group: Venezuelan; measures: Value,Ethnic Group: Mixed/multiple ethnic group: Vietnamese; measures: Value,Ethnic Group: Mixed/multiple ethnic group: White African; measures: Value,Ethnic Group: Mixed/multiple ethnic group: White and Arab; measures: Value,Ethnic Group: Mixed/multiple ethnic group: White and East Asian; measures: Value,Ethnic Group: Mixed/multiple ethnic group: White and North African or Middle Eastern; measures: Value,Ethnic Group: Mixed/multiple ethnic group: White and South Asian; measures: Value,Ethnic Group: Mixed/multiple ethnic group: White Caribbean; measures: Value,Ethnic Group: Mixed/multiple ethnic group: Any other ethnic group; measures: Value,Ethnic Group: Asian/Asian British: Indian or British Indian; measures: Value,Ethnic Group: Asian/Asian British: Pakistani or British Pakistani; measures: Value,"Ethnic Group: Asian/Asian British: Bangladeshi, British Bangladeshi; measures: Value",Ethnic Group: Asian/Asian British: Chinese; measures: Value,Ethnic Group: Asian/Asian British: Afghan; measures: Value,Ethnic Group: Asian/Asian British: Anglo Indian; measures: Value,Ethnic Group: Asian/Asian British: British Asian; measures: Value,Ethnic Group: Asian/Asian British: Burmese; measures: Value,Ethnic Group: Asian/Asian British: Cambodia; measures: Value,Ethnic Group: Asian/Asian British: Caribbean Asian; measures: Value,Ethnic Group: Asian/Asian British: Commonwealth of (Russian) Independent States; measures: Value,Ethnic Group: Asian/Asian British: East African Asian; measures: Value,Ethnic Group: Asian/Asian British: European Mixed; measures: Value,Ethnic Group: Asian/Asian British: Filipino; measures: Value,Ethnic Group: Asian/Asian British: Indonesian; measures: Value,Ethnic Group: Asian/Asian British: Iranian; measures: Value,Ethnic Group: Asian/Asian British: Italian; measures: Value,Ethnic Group: Asian/Asian British: Japanese; measures: Value,Ethnic Group: Asian/Asian British: Kashmiri; measures: Value,Ethnic Group: Asian/Asian British: Korean; measures: Value,Ethnic Group: Asian/Asian British: Kurdish; measures: Value,Ethnic Group: Asian/Asian British: Latin/South/Central American; measures: Value,Ethnic Group: Asian/Asian British: Malaysian; measures: Value,Ethnic Group: Asian/Asian British: Multi-ethnic islands; measures: Value,Ethnic Group: Asian/Asian British: Nepalese (includes Gurkha); measures: Value,Ethnic Group: Asian/Asian British: North American; measures: Value,Ethnic Group: Asian/Asian British: Other Eastern European; measures: Value,Ethnic Group: Asian/Asian British: Other Middle East; measures: Value,Ethnic Group: Asian/Asian British: Other Western European; measures: Value,Ethnic Group: Asian/Asian British: Polynesia/Micronesia/Melanesia; measures: Value,Ethnic Group: Asian/Asian British: Panjabi; measures: Value,Ethnic Group: Asian/Asian British: Sinhalese; measures: Value,Ethnic Group: Asian/Asian British: Somali; measures: Value,Ethnic Group: Asian/Asian British: Sri Lankan; measures: Value,Ethnic Group: Asian/Asian British: Taiwanese; measures: Value,Ethnic Group: Asian/Asian British: Tamil; measures: Value,Ethnic Group: Asian/Asian British: Thai; measures: Value,Ethnic Group: Asian/Asian British: Turkish; measures: Value,Ethnic Group: Asian/Asian British: Turkish Cypriot; measures: Value,Ethnic Group: Asian/Asian British: Vietnamese; measures: Value,Ethnic Group: Asian/Asian British: Any other ethnic group; measures: Value,Ethnic Group: Black/African/Caribbean/Black British: African; measures: Value,Ethnic Group: Black/African/Caribbean/Black British: Caribbean; measures: Value,Ethnic Group: Black/African/Caribbean/Black British: Afghan; measures: Value,Ethnic Group: Black/African/Caribbean/Black British: African/Arab; measures: Value,Ethnic Group: Black/African/Caribbean/Black British: Black British; measures: Value,Ethnic Group: Black/African/Caribbean/Black British: Black European; measures: Value,Ethnic Group: Black/African/Caribbean/Black British: Black/African American; measures: Value,Ethnic Group: Black/African/Caribbean/Black British: Brazilian; measures: Value,Ethnic Group: Black/African/Caribbean/Black British: Caribbean Asian; measures: Value,Ethnic Group: Black/African/Caribbean/Black British: Colombian; measures: Value,Ethnic Group: Black/African/Caribbean/Black British: Cuban; measures: Value,Ethnic Group: Black/African/Caribbean/Black British: European Mixed; measures: Value,Ethnic Group: Black/African/Caribbean/Black British: Filipino; measures: Value,Ethnic Group: Black/African/Caribbean/Black British: Italian; measures: Value,Ethnic Group: Black/African/Caribbean/Black British: Latin/South/Central American; measures: Value,Ethnic Group: Black/African/Caribbean/Black British: Moroccan; measures: Value,Ethnic Group: Black/African/Caribbean/Black British: Multi-ethnic islands; measures: Value,Ethnic Group: Black/African/Caribbean/Black British: Nigerian; measures: Value,Ethnic Group: Black/African/Caribbean/Black British: North African; measures: Value,Ethnic Group: Black/African/Caribbean/Black British: North American; measures: Value,Ethnic Group: Black/African/Caribbean/Black British: Other Western European; measures: Value,Ethnic Group: Black/African/Caribbean/Black British: Polynesia/Micronesia/Melanesia; measures: Value,Ethnic Group: Black/African/Caribbean/Black British: Somali; measures: Value,Ethnic Group: Black/African/Caribbean/Black British: Somalilander; measures: Value,Ethnic Group: Black/African/Caribbean/Black British: Sri Lankan; measures: Value,Ethnic Group: Black/African/Caribbean/Black British: Any other ethnic group; measures: Value,Ethnic Group: Other ethnic group: Arab; measures: Value,Ethnic Group: Other ethnic group: Afghan; measures: Value,Ethnic Group: Other ethnic group: African/Arab; measures: Value,Ethnic Group: Other ethnic group: Albanian; measures: Value,Ethnic Group: Other ethnic group: Anglo Indian; measures: Value,Ethnic Group: Other ethnic group: Australian/New Zealander; measures: Value,Ethnic Group: Other ethnic group: Baltic States; measures: Value,Ethnic Group: Other ethnic group: Bosnian; measures: Value,Ethnic Group: Other ethnic group: Brazilian; measures: Value,Ethnic Group: Other ethnic group: Burmese; measures: Value,Ethnic Group: Other ethnic group: Caribbean Asian; measures: Value,Ethnic Group: Other ethnic group: Chilean; measures: Value,Ethnic Group: Other ethnic group: Colombian; measures: Value,Ethnic Group: Other ethnic group: Commonwealth of (Russian) Independent States; measures: Value,Ethnic Group: Other ethnic group: Cypriot (part not stated); measures: Value,Ethnic Group: Other ethnic group: Ecuadorian; measures: Value,Ethnic Group: Other ethnic group: European Mixed; measures: Value,Ethnic Group: Other ethnic group: Filipino; measures: Value,Ethnic Group: Other ethnic group: Greek; measures: Value,Ethnic Group: Other ethnic group: Greek Cypriot; measures: Value,Ethnic Group: Other ethnic group: Indonesian; measures: Value,Ethnic Group: Other ethnic group: Iranian; measures: Value,Ethnic Group: Other ethnic group: Israeli; measures: Value,Ethnic Group: Other ethnic group: Italian; measures: Value,Ethnic Group: Other ethnic group: Japanese; measures: Value,Ethnic Group: Other ethnic group: Kashmiri; measures: Value,Ethnic Group: Other ethnic group: Korean; measures: Value,Ethnic Group: Other ethnic group: Kosovan; measures: Value,Ethnic Group: Other ethnic group: Kurdish; measures: Value,Ethnic Group: Other ethnic group: Latin/South/Central American; measures: Value,Ethnic Group: Other ethnic group: Malaysian; measures: Value,Ethnic Group: Other ethnic group: Mexican; measures: Value,Ethnic Group: Other ethnic group: Moroccan; measures: Value,Ethnic Group: Other ethnic group: Multi-ethnic islands; measures: Value,Ethnic Group: Other ethnic group: Nepalese (includes Gurkha); measures: Value,Ethnic Group: Other ethnic group: North African; measures: Value,Ethnic Group: Other ethnic group: North American; measures: Value,Ethnic Group: Other ethnic group: Other Eastern European; measures: Value,Ethnic Group: Other ethnic group: Other Middle East; measures: Value,Ethnic Group: Other ethnic group: Other Western European; measures: Value,Ethnic Group: Other ethnic group: Peruvian; measures: Value,Ethnic Group: Other ethnic group: Polish; measures: Value,Ethnic Group: Other ethnic group: Polynesia/Micronesia/Melanesia; measures: Value,Ethnic Group: Other ethnic group: Panjabi; measures: Value,Ethnic Group: Other ethnic group: Somali; measures: Value,Ethnic Group: Other ethnic group: Somalilander; measures: Value,Ethnic Group: Other ethnic group: Sri Lankan; measures: Value,Ethnic Group: Other ethnic group: Tamil; measures: Value,Ethnic Group: Other ethnic group: Thai; measures: Value,Ethnic Group: Other ethnic group: Turkish; measures: Value,Ethnic Group: Other ethnic group: Turkish Cypriot; measures: Value,Ethnic Group: Other ethnic group: Vietnamese; measures: Value,Ethnic Group: Other ethnic group: Any other ethnic group; measures: Value
2011,City of London,E09000001,Total,7375,4243,180,3,0,1,0,6,120,18,3,20,0,0,0,6,57,5,1,8,0,149,0,52,7,4,2,98,2,0,1,1,19,0,1,0,0,0,0,2,127,44,1,406,0,40,0,3,0,0,0,0,0,16,0,0,0,0,2,151,38,37,111,0,0,0,1,3,0,3,0,3,0,0,0,1,0,0,0,0,12,2,0,2,1,0,0,2,0,0,0,0,0,1,0,0,0,0,0,0,18,0,1,0,0,0,0,0,0,0,0,2,1,0,0,0,1,0,0,0,1,0,0,0,1,4,0,0,0,0,43,216,16,232,263,8,0,1,1,0,0,8,4,0,39,3,6,0,45,0,25,0,0,6,3,0,0,0,0,0,0,0,0,0,15,0,2,17,0,0,11,19,98,46,0,0,24,0,4,0,3,2,0,0,0,0,2,0,0,0,0,0,0,0,1,0,0,13,69,0,1,0,0,1,0,0,0,0,1,0,3,7,0,0,3,2,1,0,0,4,0,0,4,0,0,0,4,22,0,2,1,0,0,5,1,0,4,0,0,0,0,0,0,0,0,0,0,0,0,3,16
2011,Barking and Dagenham,E09000002,Total,185911,91949,1730,182,16,466,5,1,82,3255,3,29,14,0,1,12,331,41,3,73,0,2325,3,105,45,32,1,233,0,0,609,15,62,1,0,3,12,0,2,59,86,1648,8,778,0,1624,1,20,3,0,6,2,8,487,97,3,4,8,1,1902,2669,2128,1246,0,8,0,12,7,2,68,4,85,33,21,2,9,1,4,43,0,31,0,1,0,3,12,0,61,7,8,2,0,10,0,9,9,0,0,1,0,58,3,1,3,44,2,0,15,4,22,3,79,0,7,5,2,2,10,0,18,72,3,0,4,9,39,4,3,9,16,945,7436,8007,7701,1315,383,24,165,15,5,20,28,14,0,1164,16,78,1,20,20,40,19,0,74,454,141,0,1,54,13,3,16,11,1,1123,0,118,150,45,0,96,823,28685,5227,0,5,1803,33,18,1,23,0,0,34,1,1,47,3,46,66,23,12,91,0,179,24,1,817,973,17,64,14,0,1,16,0,14,0,5,0,17,12,23,0,43,70,10,5,0,49,3,12,1,0,0,3,41,168,1,4,24,130,0,138,7,92,33,39,0,0,10,1,30,2,8,2,17,207,95,3,509
2011,Barnet,E09000003,Total,356386,162117,8685,151,65,482,11,19,872,991,115,348,10,0,15,68,1343,123,3,937,10,7290,38,1794,2709,977,837,2844,16,0,936,186,481,1,24,48,7,0,1,134,1147,6973,264,5254,7,7289,4,169,14,0,17,6,3,1586,298,10,6,93,9,10716,3097,3112,5882,37,13,8,22,11,10,119,19,123,36,4,18,62,15,6,63,0,233,20,27,3,42,14,1,170,53,59,38,3,141,36,61,41,1,8,8,13,239,3,5,30,74,1,2,45,13,55,39,156,3,30,15,20,17,13,9,6,179,4,0,0,20,119,79,37,39,16,2272,27920,5344,2215,8259,3697,60,492,234,16,44,100,246,0,2884,209,2583,0,2870,42,490,52,12,308,542,909,1,2,152,24,2,3,69,18,3178,79,391,290,91,0,174,1916,19392,4468,5,1,1588,26,28,19,31,2,0,12,3,0,48,19,42,39,36,13,55,5,630,75,4,890,5210,170,55,7,1,10,5,2,63,6,10,5,16,75,105,10,131,168,152,336,8,3354,193,20,37,0,11,38,403,746,21,17,52,193,9,244,8,75,542,99,10,19,25,0,82,11,24,27,7,555,215,10,3723
2011,Bexley,E09000004,Total,231997,179250,2596,624,4,100,9,0,158,558,0,44,1,0,8,10,212,26,2,141,4,1086,2,112,79,23,10,293,2,0,118,17,65,0,2,11,10,3,2,10,156,615,19,910,1,953,0,26,1,0,6,0,2,565,193,1,5,9,3,905,1676,983,1369,8,0,10,32,2,4,22,4,39,10,4,1,6,5,2,10,1,79,5,1,0,5,7,0,24,5,7,8,2,5,0,14,1,0,0,5,5,40,0,0,10,51,5,2,4,6,2,8,54,1,2,6,0,2,9,1,4,95,8,0,1,12,15,15,1,12,8,660,7047,730,777,2514,194,56,128,18,4,18,16,23,2,248,26,47,0,81,1,11,8,0,19,199,252,1,2,7,8,0,31,14,0,1161,1,265,178,21,2,367,766,15952,2381,0,4,782,4,5,1,28,3,0,0,0,6,19,1,12,51,2,6,25,0,3,7,6,326,303,0,1,0,0,0,1,0,6,0,9,0,0,3,38,1,28,16,5,20,1,49,0,0,1,4,1,5,66,71,1,1,4,65,1,22,0,5,34,31,1,0,2,2,11,1,5,2,5,212,215,8,516
2011,Brent,E09000005,Total,311215,55887,12320,320,80,385,15,47,1418,956,88,1078,23,2,11,54,629,97,1,171,12,5773,40,601,411,212,60,2355,0,0,554,57,586,1,10,67,6,10,2,212,528,6503,219,5857,3,9170,5,129,33,11,75,9,0,257,17,5,6,48,7,5447,4291,2820,3642,33,10,3,56,33,8,170,9,177,59,2,4,224,9,8,71,2,105,15,17,4,21,21,2,107,41,35,3,7,60,5,61,26,0,2,5,4,291,17,8,35,70,16,7,108,28,39,55,289,8,57,27,25,14,60,4,2,37,2,2,5,27,139,45,32,26,9,2119,58017,14381,1749,3250,4484,79,826,366,13,65,93,258,4,3758,149,800,0,441,112,118,60,16,279,249,2711,2,3,299,37,50,12,125,4,9063,7,1497,257,15,0,135,2202,24391,23723,12,10,4374,24,50,46,78,0,7,23,4,0,76,52,41,22,68,22,79,20,2714,283,17,2496,11430,266,180,12,10,10,2,0,172,40,18,1,23,29,25,14,92,212,16,48,4,931,7,45,12,1,5,43,530,520,20,10,146,99,60,438,12,90,451,170,2,48,42,0,351,36,61,37,10,116,21,0,1024
2011,Bromley,E09000006,Total,309392,239478,4463,580,2,161,18,8,720,538,19,174,4,1,13,24,576,50,3,167,7,2249,4,287,219,65,13,933,4,0,141,22,223,2,14,3,11,3,0,52,561,1094,36,2863,8,1710,0,35,1,4,14,1,3,636,326,2,2,56,5,2262,3897,1335,3016,0,0,2,47,6,4,75,10,117,6,1,2,21,2,3,24,0,159,6,8,0,18,5,1,74,24,10,8,1,20,0,30,9,0,3,7,1,78,6,5,4,63,0,1,17,12,3,3,90,1,6,7,0,1,13,3,11,92,6,0,10,10,53,41,5,20,9,1375,6215,1014,1265,2768,110,113,114,74,1,24,21,26,0,720,38,171,3,288,1,60,12,4,73,227,140,0,0,15,11,1,3,20,2,1395,2,209,206,20,5,173,523,9819,6609,1,2,1301,5,19,5,27,0,1,5,0,0,37,2,28,15,12,8,29,1,55,39,1,665,870,11,4,7,5,5,0,0,24,2,8,0,18,15,44,1,47,32,12,43,1,186,1,4,9,0,1,1,55,209,1,5,13,50,0,96,5,6,57,29,7,7,6,0,6,0,7,7,5,274,344,3,329
2011,Camden,E09000007,Total,220338,96937,7053,167,35,406,6,60,2772,350,99,314,5,4,41,101,1387,111,11,345,8,4818,19,1438,459,364,325,2812,31,0,1291,74,671,3,39,45,7,0,0,138,3530,1375,137,9921,6,1632,5,211,11,0,4,0,8,563,47,13,0,44,7,5795,2494,1800,3880,2,5,7,21,14,1,54,1,106,25,0,6,54,18,3,21,1,226,19,19,1,15,3,3,95,25,40,23,4,60,5,37,21,0,5,4,2,251,5,23,25,47,3,2,150,32,2,51,154,5,41,63,17,10,9,0,20,39,2,3,7,19,150,59,28,28,12,1945,6083,1489,12503,6493,593,26,116,36,17,16,75,23,2,1676,51,497,0,1865,26,827,42,3,219,73,197,1,1,53,7,1,6,13,9,807,69,37,443,14,5,259,773,10802,3496,2,1,1287,3,149,27,21,7,7,2,0,0,43,18,9,20,35,20,45,1,1260,38,1,766,3432,48,61,9,3,24,0,1,82,6,10,3,38,61,26,4,65,125,42,63,2,896,43,24,36,0,12,28,328,909,7,46,114,38,8,300,12,6,232,57,17,8,16,0,136,18,2,0,11,151,13,11,871
2011,Croydon,E09000008,Total,363378,171740,5369,234,31,190,92,16,486,714,41,172,13,0,23,25,510,39,4,204,2,3057,12,406,392,90,3,1208,3,0,125,132,329,2,7,20,42,0,1,96,361,2039,42,3064,11,4533,4,46,9,0,50,7,0,912,123,6,4,40,16,3098,9650,3279,5140,4,6,1,241,2,13,271,29,292,125,3,11,38,4,15,101,4,160,6,10,1,10,26,0,101,43,57,10,0,24,1,61,9,0,8,0,34,198,16,10,6,268,0,2,53,24,7,22,171,0,16,11,5,26,41,3,3,104,11,0,6,17,74,72,16,67,20,2836,24660,10865,2570,3925,1360,460,643,202,10,116,39,212,2,1260,52,324,4,368,19,105,147,22,192,1278,239,3,1,81,58,6,3,50,1,6329,10,1191,239,157,1,294,2129,28981,31320,0,1,7400,37,107,10,88,12,9,22,7,5,449,2,203,28,17,44,115,13,186,35,4,4161,1701,82,54,9,32,3,9,7,40,9,31,0,16,24,82,2,86,87,47,75,0,358,2,32,20,0,7,6,487,497,10,14,44,453,11,169,6,40,167,75,7,9,5,0,29,14,36,20,15,433,109,5,929
2011,Ealing,E09000009,Total,338449,103035,10428,300,102,276,47,44,2028,1219,57,288,25,2,15,40,1724,133,4,118,6,7049,14,760,202,406,28,1840,15,0,277,83,347,3,14,28,17,10,0,146,903,3042,431,5897,7,18495,7,433,51,7,39,7,4,283,19,4,0,47,5,5007,3939,1989,4653,61,7,6,78,36,6,158,14,141,12,2,5,56,33,0,46,1,181,11,29,4,8,24,0,124,22,16,1,5,66,3,32,28,0,1,3,14,186,9,11,22,71,9,2,91,17,17,48,134,3,52,27,49,22,40,8,6,22,1,1,6,13,210,84,39,32,12,2007,48240,14711,1786,4132,6188,135,1068,253,11,70,89,299,5,1765,58,1097,1,2713,84,231,89,8,263,280,2580,0,0,304,53,35,135,40,16,7626,27,1489,412,11,0,181,3954,17299,13192,13,9,1794,19,132,9,74,1,1,1,2,0,56,17,101,10,33,25,28,2,2353,419,23,1247,9804,425,60,7,21,61,14,0,41,18,32,1,17,199,11,8,72,131,19,43,6,1411,8,16,41,0,3,12,847,392,18,18,82,153,52,414,2,15,1443,72,2,47,54,16,366,108,34,43,5,123,19,5,3455
2011,Enfield,E09000010,Total,312466,126450,6899,344,29,821,20,11,346,767,21,134,5,1,3,50,577,47,3,2274,4,4256,14,2967,7978,202,22,2905,0,0,872,1893,231,0,7,28,64,3,2,93,261,3504,57,2197,2,5408,0,84,38,8,16,7,0,11241,3543,1,9,30,4,3887,4852,2384,4189,5,15,4,50,10,5,140,10,173,82,1,1,42,8,1,88,9,93,14,13,3,90,14,0,157,28,225,142,2,47,3,77,6,1,0,6,97,116,6,8,23,327,0,4,29,15,40,10,141,1,46,5,19,18,19,2,0,672,122,2,3,14,67,26,11,38,17,2295,11648,2594,5599,2588,635,80,326,80,0,156,53,106,5,1200,22,615,0,161,7,43,241,12,87,2461,59,2,8,66,28,8,3,47,11,2820,4,386,114,786,43,378,1411,28222,17334,0,3,3880,50,22,5,119,2,1,10,1,3,128,13,299,58,15,18,55,2,1358,86,4,1999,1930,67,38,24,5,1,30,4,13,8,36,13,49,73,399,13,175,64,280,1125,0,688,14,57,17,0,0,73,1353,389,7,8,83,869,0,139,2,122,287,87,4,29,4,0,170,2,21,16,10,3995,2214,28,1028
2011,Greenwich,E09000011,Total,254557,133130,4291,430,14,274,21,20,795,1724,13,173,5,2,5,45,811,40,1,163,4,3043,6,293,94,30,12,870,1,0,283,79,223,0,6,3,15,19,20,65,669,1955,45,3128,5,2194,6,60,6,10,4,2,3,872,315,2,13,44,4,2642,4011,2699,2361,7,7,16,25,12,5,71,8,128,70,0,1,29,0,7,27,1,112,6,5,2,15,9,0,71,11,8,10,5,11,0,30,4,0,0,5,0,171,1,18,3,148,18,2,30,11,18,15,117,0,27,28,8,1,21,0,19,97,23,1,8,24,38,27,4,10,14,1583,7836,2594,1645,5061,371,55,146,107,20,17,35,16,4,600,54,67,0,234,11,125,72,2,107,332,5274,0,2,90,13,1,11,20,2,1616,13,223,196,69,6,1815,1032,35164,8051,0,2,2529,15,45,9,20,0,3,10,3,8,52,2,135,162,35,19,106,22,735,170,4,1354,1069,25,4,5,2,2,5,0,47,0,11,4,28,10,68,5,34,21,10,18,17,106,5,8,11,0,1,9,300,394,15,6,15,95,93,80,38,26,94,131,0,9,41,0,81,9,5,0,0,441,310,49,975
2011,Hackney,E09000012,Total,246270,89030,5216,474,8,203,7,47,1885,459,63,381,1,1,22,96,446,70,2,264,11,4598,7,562,229,27,190,2068,8,0,187,946,684,0,29,31,7,0,0,99,1360,1224,51,6685,7,3393,0,73,4,0,1,0,6,6029,504,1,36,43,6,6836,4989,2866,3020,4,2,6,22,18,5,118,11,192,176,12,8,106,18,6,51,1,149,13,32,1,36,9,3,107,8,36,17,8,31,3,48,18,0,2,1,64,326,11,24,20,69,0,3,54,18,14,18,180,9,29,8,15,6,5,0,2,386,30,3,23,15,91,52,15,30,7,2189,7599,1905,6180,3436,361,25,102,178,17,37,62,11,1,605,45,116,0,647,15,323,142,6,148,204,45,0,0,40,6,3,22,3,1,252,16,34,147,756,12,1714,651,27976,19168,0,0,5956,31,89,13,66,25,4,16,2,4,168,20,88,96,47,40,105,0,418,15,0,2511,1721,27,41,12,2,10,1,2,82,8,16,3,80,65,128,14,110,35,37,90,1,193,62,26,15,0,5,3,931,1229,6,17,134,94,0,239,29,72,85,99,4,32,24,0,99,5,2,0,7,3432,553,56,3121
2011,Hammersmith and Fulham,E09000013,Total,182493,81989,6321,217,17,284,1,57,4150,414,68,310,3,0,18,77,851,102,5,77,14,4176,31,677,78,223,29,2542,4,0,260,64,609,0,31,54,7,0,0,168,1748,1391,118,9745,8,2537,4,287,32,3,0,0,6,418,6,9,1,52,9,3920,2769,1495,2649,9,8,0,8,28,4,41,2,94,38,0,12,50,2,1,26,0,130,22,10,2,1,5,3,74,26,21,5,5,49,1,49,6,1,0,0,3,213,6,18,25,55,0,0,77,16,9,26,115,2,10,49,15,6,4,2,7,20,0,6,3,21,130,41,32,14,15,1458,3451,1612,1056,3140,709,12,105,78,28,21,81,32,0,2306,62,499,0,559,11,237,13,1,215,117,92,0,0,81,16,3,2,9,1,492,40,99,554,42,0,193,666,10552,7111,3,1,1589,12,32,15,17,5,4,4,3,0,68,43,23,13,52,39,38,4,751,104,0,1022,5228,82,62,7,1,54,9,0,61,1,4,0,17,64,0,14,68,120,17,9,1,823,8,20,20,3,3,7,302,911,28,27,134,33,0,373,23,6,291,80,3,16,76,0,290,20,0,0,9,240,3,6,513
2011,Haringey,E09000014,Total,254926,88424,6997,370,13,500,8,33,1333,1013,37,434,5,3,11,129,972,86,3,874,14,5946,19,1703,2038,189,105,2814,9,0,735,2045,829,1,22,35,33,2,1,171,1131,5156,98,6337,5,9179,4,110,19,0,3,0,2,7359,1005,13,10,49,2,5905,4856,2609,3738,9,5,10,23,11,9,104,3,123,43,3,7,78,9,1,55,0,148,24,24,3,35,18,13,144,39,80,46,17,50,5,70,20,0,3,5,70,321,8,14,23,154,0,5,47,12,41,17,190,3,90,9,11,11,5,0,5,348,42,4,12,15,114,69,26,28,14,2400,5945,1920,4417,3744,356,74,173,91,13,69,54,66,3,1269,47,263,1,678,20,157,137,7,93,1089,129,0,2,55,32,6,0,16,2,662,17,81,182,476,14,876,914,23037,18087,0,4,3020,16,101,22,66,6,1,6,1,0,124,8,183,44,57,21,77,0,1100,88,0,1761,2229,50,18,45,3,7,28,2,92,2,24,4,83,39,140,26,127,54,147,281,2,427,34,19,29,2,1,47,1028,1547,1,29,39,416,4,250,33,174,137,150,16,43,21,0,173,8,10,2,3,2137,514,30,1328
2011,Harrow,E09000015,Total,239056,73826,7336,181,64,238,33,9,251,479,19,85,11,1,1,18,465,21,6,91,0,2423,11,318,217,132,51,655,4,0,317,16,89,0,5,19,8,10,0,68,323,4356,58,1889,14,3523,0,53,5,10,79,14,3,325,4,8,1,11,1,2836,2344,1053,3417,45,9,0,99,1,4,118,2,88,51,0,1,23,7,3,42,0,85,2,3,0,6,16,0,35,12,11,3,6,43,4,32,11,1,1,2,5,92,6,2,9,51,3,3,31,8,47,18,111,0,21,12,7,18,48,14,0,15,0,0,1,12,94,22,19,33,8,1209,63051,7797,1378,2629,3843,134,836,55,1,23,9,584,2,815,37,443,6,241,71,162,31,6,102,243,1469,2,1,125,77,34,8,81,51,12164,9,2768,92,17,0,79,2332,8526,6812,10,2,1827,5,6,0,33,0,1,7,0,0,42,50,45,16,27,16,77,6,686,112,26,1376,3708,239,32,13,14,6,7,1,14,0,4,0,4,29,2,0,20,39,6,45,1,598,15,13,11,0,5,8,246,170,1,10,23,85,20,109,7,73,167,84,9,7,18,3,101,35,92,51,4,124,19,0,758
2011,Havering,E09000016,Total,237232,197615,2989,160,1,89,12,0,166,954,5,23,0,0,2,2,200,36,0,77,0,1016,4,105,92,11,3,234,0,0,80,22,55,0,0,4,14,0,0,14,130,706,11,750,1,841,1,24,0,0,11,0,3,313,122,1,0,19,0,1031,1970,712,1154,0,6,0,13,3,1,23,3,47,13,0,1,0,6,0,5,0,40,1,4,0,10,3,0,29,15,10,7,0,2,1,2,2,0,0,0,2,21,1,3,4,44,0,0,5,0,2,6,27,0,4,0,8,1,2,1,1,48,7,0,1,11,12,11,1,3,5,619,5017,1492,975,1459,45,33,78,22,1,10,1,7,0,825,15,80,0,38,8,13,0,1,58,156,41,0,0,4,2,0,15,6,0,462,0,83,139,21,3,75,360,7581,2885,0,0,534,0,16,1,25,1,0,7,1,0,19,1,16,32,2,3,23,0,8,0,0,326,311,4,1,7,1,7,2,0,2,1,2,2,1,1,35,1,18,41,16,19,4,54,0,2,1,0,0,0,21,45,4,1,7,57,0,46,8,17,23,15,2,10,1,0,3,0,1,0,2,130,85,5,308
2011,Hillingdon,E09000017,Total,273936,142916,5949,344,35,179,25,3,344,858,21,107,9,0,8,14,483,56,1,95,7,2686,4,297,114,131,17,613,2,1,166,37,96,0,9,8,27,11,0,74,394,1487,57,2437,1,3455,10,67,26,4,25,10,3,247,20,9,1,22,4,2005,2719,1409,3602,33,2,3,89,4,4,82,5,116,26,0,8,14,9,5,32,1,88,3,11,0,3,17,0,78,30,9,6,1,24,0,31,17,0,4,0,2,54,5,14,4,89,3,1,19,9,7,19,98,4,14,20,16,14,43,10,9,23,0,0,0,11,109,37,8,29,17,1306,36795,9200,2639,2889,3143,145,520,153,9,44,156,308,6,1212,44,304,0,164,40,139,8,8,167,430,1496,5,1,62,63,41,76,40,2,4709,39,905,290,15,0,129,2857,11275,4615,4,0,1346,12,48,0,32,0,0,1,1,0,101,2,119,11,82,17,39,6,1184,297,3,887,2925,241,25,56,5,2,1,0,15,0,22,0,7,49,26,6,46,101,26,17,0,579,4,6,12,5,1,1,232,178,7,8,44,171,35,268,6,4,253,72,4,14,38,10,157,28,61,36,5,111,24,47,2100
2011,Hounslow,E09000018,Total,253957,96264,4775,183,104,204,24,27,1047,1203,100,160,16,2,16,23,818,90,0,45,3,3778,35,256,88,136,6,946,1,0,226,22,202,0,18,20,12,35,2,116,610,1854,113,3756,4,9433,3,145,15,7,7,3,2,251,21,2,1,40,1,3234,2273,1730,3390,33,3,2,79,22,4,66,4,56,12,1,4,52,21,7,59,1,67,7,18,0,5,8,1,61,42,8,6,6,41,0,29,6,0,1,2,2,101,5,12,12,100,10,1,78,7,11,17,114,4,20,8,11,17,21,0,7,17,2,0,1,22,108,22,17,28,8,1439,48161,13676,2189,2405,4787,118,776,494,11,21,60,324,2,2373,40,391,0,322,39,140,35,2,137,319,2450,0,0,57,68,33,137,101,2,3136,15,372,396,33,0,198,3437,10787,3381,8,12,659,9,8,10,31,0,1,4,2,3,13,9,95,19,21,4,30,7,1024,167,6,503,3638,230,112,6,11,14,5,0,22,25,9,1,7,31,17,3,57,155,13,14,2,393,4,13,10,0,2,13,304,207,13,11,71,154,61,273,2,26,351,68,2,26,32,9,110,24,29,1,3,106,15,2,2326
2011,Islington,E09000019,Total,206125,98322,8140,163,9,362,5,30,2484,269,21,228,2,6,27,88,725,81,7,381,7,3564,9,1272,802,82,52,2800,10,2,300,426,718,4,25,39,11,0,1,93,1837,1205,39,7519,6,1594,1,116,27,0,1,0,3,2762,211,8,3,36,6,3574,4236,1912,2964,3,1,1,14,14,4,64,2,209,34,0,65,51,3,0,31,3,198,23,12,2,20,3,2,109,33,46,19,2,44,6,51,18,0,0,3,32,344,10,15,32,93,1,0,47,19,7,14,136,4,11,11,10,6,4,0,5,168,17,0,2,28,143,83,14,30,14,1837,3534,951,4662,4457,232,24,91,59,19,27,59,19,1,875,55,303,1,684,10,352,40,9,148,230,83,5,0,40,15,2,5,9,3,457,35,53,265,260,3,450,507,12622,7943,0,0,2466,3,96,12,27,0,11,5,2,3,136,26,78,25,54,29,53,1,994,73,0,1635,1893,22,69,3,0,10,2,0,25,1,3,2,65,40,66,26,38,75,50,128,1,284,6,15,24,0,4,14,404,1107,6,13,52,101,0,223,15,6,97,69,2,1,12,0,113,10,1,0,4,1114,195,6,526
2011,Kensington and Chelsea,E09000020,Total,158649,62271,3715,119,8,172,6,63,1852,274,87,331,3,2,29,103,1570,142,9,111,12,5028,47,1316,87,417,48,3996,3,0,263,60,701,1,58,83,11,1,0,169,4390,1032,389,15394,14,1098,1,228,1,0,0,0,6,621,5,16,0,43,10,5601,1695,1148,3021,0,11,1,3,19,4,36,2,85,6,0,2,39,0,3,12,4,113,23,16,0,8,10,0,75,61,11,2,2,80,2,34,12,0,6,0,12,240,5,16,82,21,0,0,54,27,8,42,159,4,8,13,3,8,2,0,10,23,2,5,5,26,168,31,22,20,12,1412,2577,911,836,3968,218,7,67,26,26,5,90,29,0,2471,71,644,1,1140,7,378,16,2,210,80,105,2,0,47,10,7,4,12,3,360,15,31,596,20,0,241,628,5536,3257,0,4,459,3,45,5,14,0,0,0,1,1,35,91,17,11,53,11,21,0,332,56,1,380,6455,20,52,8,0,6,0,7,36,2,2,3,24,38,4,3,67,170,9,9,5,1053,2,18,20,0,8,1,275,674,5,38,664,26,3,409,10,6,385,83,10,1,14,0,41,6,1,0,19,167,6,0,587
2011,Kingston upon Thames,E09000021,Total,160060,101015,2718,95,6,69,7,12,554,341,15,116,4,0,14,28,461,41,1,94,1,2181,0,425,84,129,21,860,0,0,52,5,179,0,10,2,8,0,0,39,512,1201,70,3160,3,1943,2,71,1,0,4,4,0,203,10,7,0,73,6,2362,1238,700,2500,7,3,1,16,0,2,36,4,59,5,0,4,14,1,1,15,2,141,5,6,0,8,7,0,31,14,9,7,0,36,0,15,8,1,17,0,3,76,2,3,7,46,0,0,27,3,6,16,54,1,10,8,0,10,19,3,5,19,0,0,3,7,97,43,14,17,12,845,6325,3009,892,2883,688,54,267,41,1,17,33,65,0,782,34,417,4,453,13,3408,37,7,79,175,117,0,0,65,23,3,10,50,0,4012,17,1066,241,26,0,151,687,2616,1027,1,1,137,0,14,3,10,0,1,6,0,0,2,15,26,2,1,2,2,12,23,1,2,117,2439,17,9,7,2,5,4,0,7,2,4,0,8,15,8,0,29,51,19,20,4,480,3,1,18,0,68,1,174,186,21,12,10,66,4,87,2,11,117,18,3,3,10,0,3,0,22,9,9,72,13,4,322
2011,Lambeth,E09000022,Total,303086,118250,7456,195,6,235,20,33,3690,671,63,673,5,1,48,147,648,109,5,155,70,5959,12,562,194,67,23,3259,4,0,214,53,1859,0,29,15,15,0,0,123,1356,2119,26,12356,9,5839,1,76,15,0,0,2,2,495,66,11,5,56,29,5694,8302,4301,3574,4,11,0,30,32,5,176,37,402,186,28,20,151,3,2,57,3,168,38,12,0,12,18,36,148,42,35,7,2,28,2,71,13,0,6,2,3,942,9,47,20,112,1,2,41,34,20,19,268,7,25,32,7,4,3,2,8,45,11,0,4,39,157,72,24,46,11,3181,4983,3072,2221,4573,384,80,118,78,18,20,44,47,2,1291,41,171,0,369,8,356,31,12,88,286,94,4,2,43,11,2,11,18,9,630,33,41,259,47,1,671,769,35187,28886,0,1,7670,28,167,104,78,29,11,34,3,1,286,17,220,72,40,82,221,1,928,14,0,4462,1728,18,67,0,5,23,8,9,87,0,11,8,149,27,32,87,74,73,26,35,4,144,7,16,14,0,1,7,167,2807,8,13,77,112,3,200,34,16,82,184,23,12,18,0,72,0,6,6,6,157,76,9,673
2011,Lewisham,E09000023,Total,275885,114446,5206,208,24,286,16,33,1103,1131,15,320,13,1,17,67,812,72,4,297,6,4259,3,351,174,57,22,1800,3,0,338,45,464,2,8,11,5,0,4,123,825,1859,13,4344,4,3308,2,74,3,1,38,6,2,1244,747,7,17,47,15,3384,8539,3559,3045,8,1,7,42,9,2,285,12,270,116,10,18,93,5,43,59,5,159,13,8,3,22,17,3,85,30,24,6,2,8,1,56,18,1,5,4,10,356,10,13,24,142,3,6,23,26,160,14,129,2,14,16,8,10,15,2,3,184,53,0,17,26,98,42,8,29,19,2417,4600,1596,1388,6164,778,75,237,238,9,52,48,23,1,702,44,207,0,552,38,204,40,16,126,299,225,1,1,42,7,12,1,14,2,3873,44,871,245,135,6,1915,703,32025,30854,1,0,7160,25,81,9,68,6,3,6,0,18,160,9,111,84,27,53,135,12,333,13,3,3746,1456,49,23,5,3,7,4,0,39,2,23,4,54,16,138,18,61,554,18,39,7,145,1,17,13,5,2,39,243,1095,10,13,29,126,10,293,188,12,76,58,5,6,20,0,21,0,34,9,15,676,631,55,884
2011,Merton,E09000024,Total,199693,96658,4417,216,8,102,31,22,1404,672,25,213,7,2,8,23,614,55,2,66,10,3192,5,328,89,62,11,1217,0,0,113,10,320,0,13,6,11,2,0,72,759,2156,66,4264,7,6093,0,68,0,0,32,32,6,357,31,16,1,116,0,5596,2579,1279,2829,2,0,0,60,19,1,87,6,100,24,0,6,32,0,2,27,1,117,12,5,1,6,8,0,66,27,11,7,0,11,1,30,9,0,9,0,1,171,4,5,5,106,2,1,18,7,16,5,94,2,28,8,1,5,21,10,5,48,2,1,1,7,66,31,10,19,6,1254,8106,7337,2216,2618,356,112,422,82,12,69,18,79,2,1167,50,203,2,644,22,1247,13,9,84,549,443,3,0,42,35,3,3,29,1,6661,7,1959,234,23,0,151,1130,10442,8126,1,0,1171,0,23,5,45,0,0,0,1,1,77,3,59,13,9,14,15,2,148,3,10,643,1413,16,13,7,6,15,3,0,37,2,25,0,12,25,9,20,38,57,7,29,0,306,4,13,25,0,23,2,160,375,4,8,36,142,13,118,2,2,86,39,2,22,14,0,15,0,35,52,6,88,31,13,429
2011,Newham,E09000025,Total,307984,51516,2172,462,11,283,21,6,353,5846,22,333,6,2,8,54,889,36,4,51,14,7308,40,276,78,30,4,855,0,0,341,29,473,2,6,6,30,5,2,138,215,5268,24,2390,3,4686,31,49,37,3,37,15,9,497,116,3,5,39,3,4074,3957,3319,2677,9,4,5,31,12,43,163,7,192,58,5,6,89,1,5,51,0,34,10,9,3,2,23,9,92,79,10,6,2,7,0,71,3,0,0,4,3,255,2,1,15,155,0,0,67,17,49,8,145,2,30,11,38,6,31,0,9,77,4,0,0,21,40,25,1,17,11,1907,42484,30307,37262,3930,1442,104,458,231,9,39,87,93,6,4714,44,153,3,120,193,78,13,6,225,911,1005,15,4,41,36,5,35,13,7,5702,26,1154,254,58,1,668,1959,37811,15050,5,1,3215,45,40,22,36,0,0,26,9,0,67,4,186,131,38,26,169,5,1259,239,7,1865,3523,132,77,29,0,17,61,0,109,0,28,0,80,25,28,73,75,334,71,15,0,287,11,23,4,5,1,11,105,1548,13,4,66,459,8,294,89,137,98,191,2,42,19,0,281,50,43,34,17,348,116,19,1670
2011,Redbridge,E09000026,Total,278970,96253,3900,140,23,300,40,7,315,2298,14,74,15,0,6,21,494,49,4,191,5,2670,7,354,452,40,19,521,3,0,299,21,131,0,5,6,13,2,1,80,316,1979,37,1356,2,2199,3,26,8,1,48,12,0,847,234,1,1,40,1,2762,3204,1692,3251,8,8,6,54,9,9,176,7,147,24,1,5,14,12,4,70,0,132,3,8,5,23,19,0,73,26,27,9,20,13,1,24,6,0,5,0,1,75,9,3,14,128,1,2,28,3,16,20,58,4,11,6,10,37,44,9,5,86,6,1,7,37,87,33,10,33,20,1557,45660,31051,16011,3000,1200,82,774,75,7,49,28,116,3,942,64,230,3,139,130,43,58,48,150,1313,203,4,2,83,66,2,111,55,5,9033,2,1860,239,146,8,118,3390,12357,9064,0,14,1410,11,38,2,72,0,1,20,0,2,44,1,120,16,21,12,70,3,567,29,9,962,1551,89,50,34,6,0,17,0,38,4,15,2,17,34,42,0,36,43,37,89,1,199,55,6,7,0,0,12,213,236,18,10,55,492,3,93,7,63,78,104,4,24,3,8,90,0,67,57,2,484,261,1,2763
2011,Richmond upon Thames,E09000027,Total,186990,133582,4766,95,18,113,9,44,1948,248,28,165,0,2,7,25,683,73,2,37,0,2718,5,308,63,126,39,1131,2,0,111,4,228,1,29,1,10,0,0,42,1626,1046,95,5701,9,1773,2,102,2,0,3,0,4,297,11,10,3,64,8,3306,1250,731,2857,14,2,0,20,12,5,20,3,47,4,0,1,45,11,3,9,0,166,1,7,0,2,2,1,43,8,15,1,1,31,2,12,6,0,1,4,2,117,7,16,4,34,0,5,20,7,7,13,94,2,10,18,0,8,5,0,5,8,2,2,6,8,77,44,23,32,8,859,5202,1163,867,1753,963,29,137,48,8,11,29,46,0,363,33,393,3,515,6,148,23,2,79,81,83,1,0,37,8,3,15,11,0,598,14,40,249,4,0,161,481,1643,840,2,0,152,0,27,0,13,0,0,0,0,0,5,1,12,6,2,3,3,1,15,0,0,91,1172,74,3,10,0,3,3,0,36,2,0,4,14,36,7,1,20,17,16,11,2,516,12,2,28,1,6,5,85,209,19,21,3,22,0,104,11,3,119,20,9,0,18,0,4,0,4,1,7,53,10,8,331
2011,Southwark,E09000028,Total,288283,114534,6222,263,15,205,8,36,2050,911,45,517,3,3,27,177,917,82,10,314,43,4355,14,796,235,80,19,2543,1,0,192,70,1467,0,26,22,8,2,15,205,1411,1901,58,7523,7,2796,7,105,9,2,0,0,4,1062,374,9,19,74,7,4549,5677,3687,3003,3,11,4,13,20,1,105,18,195,153,17,17,99,3,7,42,5,175,52,4,0,13,5,3,127,21,19,4,0,39,0,64,26,0,3,2,8,666,12,25,14,84,0,1,47,20,14,13,190,2,21,40,9,11,20,0,9,106,26,0,17,23,129,65,17,33,13,2506,5819,1623,3912,8074,441,34,114,63,30,33,61,33,1,1625,53,178,1,490,15,532,60,5,184,203,95,4,0,30,15,6,3,9,1,605,70,73,351,111,2,1598,635,47413,17974,0,1,7359,34,149,35,29,7,3,17,2,1,174,25,132,159,152,57,144,0,469,100,0,3075,2440,30,49,4,2,14,3,0,176,1,6,9,102,34,63,54,72,111,25,50,3,233,10,18,22,0,2,20,347,2857,12,11,118,87,0,258,56,5,125,178,10,4,27,1,186,20,2,0,18,515,325,45,693
2011,Sutton,E09000029,Total,190146,134854,3219,193,5,65,24,5,322,315,11,91,2,3,0,15,339,25,0,52,4,1519,5,148,87,76,6,670,0,0,58,13,94,0,3,2,12,4,0,32,212,1054,30,1646,4,1961,3,34,0,0,8,4,3,258,25,3,0,55,7,1869,2298,838,2286,3,2,2,33,2,1,37,5,91,9,0,0,30,6,1,14,0,67,3,8,1,5,4,0,34,22,7,1,1,26,0,16,7,0,5,0,3,89,0,3,3,88,0,0,17,9,5,7,51,2,12,2,0,11,9,9,4,19,1,5,0,18,57,25,13,14,6,787,6454,2595,1183,2240,151,77,180,28,4,28,7,25,5,1146,10,201,1,188,16,702,16,5,91,549,282,0,0,35,18,3,2,32,0,3854,5,932,176,22,0,60,712,5471,2742,0,3,473,4,11,2,23,1,0,1,3,1,12,0,33,8,3,3,5,0,20,0,6,295,976,8,2,1,1,1,1,0,13,1,4,0,5,20,2,0,22,52,18,27,3,277,1,3,11,0,9,0,124,142,2,2,12,122,3,59,2,1,62,11,2,6,10,0,2,0,25,33,1,84,18,3,224
2011,Tower Hamlets,E09000030,Total,254096,79231,3863,175,8,95,3,40,2190,1113,30,385,10,0,12,63,1216,55,7,136,7,3739,6,898,124,58,42,2569,8,1,72,34,468,3,24,46,4,1,0,111,1261,1895,27,7677,4,2263,3,87,36,17,1,0,7,807,77,7,5,52,9,3737,2837,1509,2961,2,3,0,4,22,0,81,5,100,12,0,7,64,5,5,23,4,184,21,13,6,24,10,0,72,19,20,3,3,33,1,17,6,0,3,1,2,181,5,18,25,47,0,0,30,13,7,12,87,6,24,15,21,4,1,1,3,66,5,6,4,29,123,41,11,29,4,1460,6787,2442,81377,8109,133,8,154,97,14,9,154,35,0,666,81,98,7,571,19,494,36,1,232,132,104,3,6,31,6,3,12,8,3,455,57,38,266,65,0,1091,697,9495,5341,0,7,870,6,36,25,14,2,0,6,2,1,28,58,18,15,40,11,30,0,1553,493,0,578,2573,12,61,9,0,14,0,2,122,3,4,4,14,78,22,5,48,23,27,28,1,255,8,15,11,0,7,9,126,576,7,17,138,52,2,131,14,8,82,100,1,8,19,1,189,30,1,0,5,363,88,29,445
2011,Waltham Forest,E09000031,Total,258249,92999,3959,369,19,411,7,12,562,2968,10,176,11,5,7,59,706,39,2,311,9,5330,7,626,620,49,8,1138,4,0,272,214,236,3,6,15,37,0,0,235,357,5854,38,2661,9,6896,1,45,9,0,13,2,4,2348,453,1,3,42,6,4616,4568,2403,2602,1,5,4,17,7,4,147,15,155,37,0,10,36,11,1,54,0,82,5,14,2,32,10,0,91,21,61,18,1,16,2,26,9,3,1,2,11,139,8,4,10,189,0,5,86,6,26,9,143,1,32,4,19,12,12,4,0,186,28,5,4,17,91,20,7,29,13,2173,9134,26347,4632,2579,1088,31,584,264,5,40,42,74,1,1424,38,124,0,206,245,92,37,16,92,1555,154,0,0,24,37,4,11,11,6,2554,2,434,178,276,2,736,1310,18815,18841,0,8,4054,4,47,64,54,0,1,15,1,2,107,3,305,30,96,16,44,7,592,25,2,1658,3776,56,18,14,2,5,38,4,222,8,25,0,31,34,99,21,91,91,78,179,2,128,5,24,6,0,0,26,285,729,10,7,78,796,3,387,18,138,42,124,2,16,15,0,154,7,22,2,15,1253,412,18,988
2011,Wandsworth,E09000032,Total,306995,163739,7664,163,11,178,11,57,5887,778,48,486,8,3,24,90,937,147,8,76,14,5143,23,650,115,144,19,3138,6,1,120,12,773,0,42,20,22,0,2,128,2038,2470,77,9550,10,5978,2,166,10,0,11,3,5,583,26,21,1,139,10,7429,4642,2034,3887,8,9,1,40,59,3,87,10,226,26,0,6,85,13,3,26,0,227,17,10,2,9,16,3,97,39,18,1,6,63,5,62,20,0,3,1,4,372,10,28,29,95,0,0,55,20,9,19,162,2,20,45,2,8,13,1,4,61,4,4,8,27,155,60,15,31,27,2187,8642,9718,1493,3715,700,71,292,74,20,37,44,149,1,2254,64,258,3,633,36,330,5,11,147,507,128,2,0,34,62,2,7,22,3,1717,20,271,547,19,0,289,1011,14818,12297,2,1,2529,11,45,55,43,0,1,3,2,7,176,16,139,18,20,20,47,0,1015,32,0,1459,2350,26,24,4,5,50,1,3,82,0,23,4,22,28,6,4,60,144,25,16,2,368,5,18,33,0,8,0,212,1012,16,49,51,185,3,205,32,13,132,99,3,17,49,0,129,1,15,4,11,168,31,14,682
2011,Westminster,E09000033,Total,219396,77334,4960,76,13,278,6,64,3101,515,119,491,4,1,58,78,2279,162,12,334,5,6145,39,2146,225,475,176,3890,11,0,669,161,887,6,49,96,5,2,0,256,4310,1611,501,14405,14,1511,2,249,3,0,6,0,3,745,18,21,0,54,6,6743,1869,1927,3584,6,12,0,13,27,5,40,4,99,13,2,30,73,2,1,14,2,179,10,22,0,7,5,4,107,41,27,5,2,66,2,45,17,0,2,0,32,310,12,19,41,36,1,6,82,40,10,38,167,4,8,30,21,16,4,0,1,25,1,6,2,31,297,32,25,29,5,1800,7213,2328,6299,5917,626,22,92,56,14,17,224,47,10,2201,100,744,0,1866,9,674,125,2,577,103,92,3,0,234,11,4,8,12,2,574,49,32,499,7,0,206,863,9141,4449,0,5,1104,12,100,18,22,6,0,7,1,5,82,108,32,32,207,45,15,2,302,44,0,733,15724,43,121,26,4,36,6,0,104,0,2,1,38,101,20,8,118,149,45,15,12,1419,28,27,32,2,11,31,1593,858,51,17,512,62,2,682,20,7,969,121,8,5,52,0,43,2,3,1,5,233,14,7,947
